{
  "per_layer_mean": [
    1.3862890005111694,
    1.3862910270690918,
    1.3862926959991455,
    1.386287808418274,
    1.386289358139038,
    1.3862903118133545,
    1.3862886428833008,
    1.3862922191619873,
    1.3862924575805664,
    1.3862788677215576,
    1.3862924575805664,
    1.386290431022644,
    1.3862910270690918,
    1.3862905502319336,
    1.3862879276275635,
    1.3862860202789307,
    1.3862674236297607,
    1.3862676620483398,
    1.3862799406051636,
    1.3862859010696411,
    1.3862899541854858,
    1.3862905502319336,
    1.3862907886505127,
    1.3862905502319336,
    1.3862898349761963,
    1.386291742324829,
    1.3862888813018799,
    1.3862793445587158
  ],
  "per_layer_std": [
    4.705655555881094e-06,
    2.7558992314880015e-06,
    1.3877606761525385e-06,
    7.887730134825688e-06,
    5.705134753952734e-06,
    4.2919932639051694e-06,
    6.545660653500818e-06,
    1.875389557426388e-06,
    1.8979512788064312e-06,
    2.161065276595764e-05,
    1.77632193754107e-06,
    4.141568751947489e-06,
    2.8724030016746838e-06,
    3.4598617730807746e-06,
    7.245825599966338e-06,
    8.44398164190352e-06,
    4.2435854993527755e-05,
    6.003269663779065e-05,
    1.5607420209562406e-05,
    9.255787517759018e-06,
    4.786668796441518e-06,
    4.047353286296129e-06,
    4.056414582009893e-06,
    4.217831246933201e-06,
    4.8631754907546565e-06,
    2.864567250071559e-06,
    6.174925601953873e-06,
    1.7099098840844817e-05
  ],
  "aggregate_mean": 1.3862872831273958,
  "aggregate_std": 1.711906368119726e-05,
  "max_entropy": 1.3862943611198906,
  "normalized_mean": 0.9999948943076642
}