{
  "layer_0": 1.0890762069948323e-08,
  "layer_1": 6.791539419737092e-08,
  "layer_10": 1.534336115582846e-05,
  "layer_11": 1.6326925106113777e-05,
  "layer_12": 2.0524275896605104e-05,
  "layer_13": 3.75555464415811e-05,
  "layer_14": 2.066331035166513e-06,
  "layer_15": 1.1247641396039398e-06,
  "layer_16": 0.001537633826956153,
  "layer_17": 0.009567009285092354,
  "layer_18": 2.1737353108619573e-06,
  "layer_19": 1.8875661567108182e-07,
  "layer_2": 6.063176556381222e-07,
  "layer_20": 4.1574111264708336e-08,
  "layer_21": 3.9420197595063655e-07,
  "layer_22": 1.611406901247392e-07,
  "layer_23": 4.431328548548663e-08,
  "layer_24": 3.4080136401826167e-07,
  "layer_25": 6.763663122910657e-07,
  "layer_26": 2.0540055629680865e-06,
  "layer_27": 1.102521491702646e-05,
  "layer_3": 6.673126335954294e-06,
  "layer_4": 8.143483682943042e-06,
  "layer_5": 4.712785994342994e-06,
  "layer_6": 2.2949775484448764e-06,
  "layer_7": 5.41951521881856e-06,
  "layer_8": 2.2089932372182375e-06,
  "layer_9": 0.00025073473807424307,
  "mean": 0.0004105556132097478
}